sample,species,country,state,pair,chemotype,reprod_mode,is_outgroup,region
ASUL031844_P_hypoleucinum_USA_CA,hypoleucinum,USA,CA,preperforatum_hypoleucinum,stictic,asexual,FALSE,USA_CA
ASUL031845_P_hypoleucinum_USA_CA,hypoleucinum,USA,CA,preperforatum_hypoleucinum,stictic,asexual,FALSE,USA_CA
ASUL031952_P_hypoleucinum_USA_CA,hypoleucinum,USA,CA,preperforatum_hypoleucinum,stictic,asexual,FALSE,USA_CA
ASUL031955_P_hypoleucinum_USA_CA,hypoleucinum,USA,CA,preperforatum_hypoleucinum,stictic,asexual,FALSE,USA_CA
ASUL031959_P_hypoleucinum_USA_CA,hypoleucinum,USA,CA,preperforatum_hypoleucinum,stictic,asexual,FALSE,USA_CA
ASUL031961_P_hypoleucinum_USA_CA,hypoleucinum,USA,CA,preperforatum_hypoleucinum,stictic,asexual,FALSE,USA_CA
ASUL031962_P_hypoleucinum_USA_CA,hypoleucinum,USA,CA,preperforatum_hypoleucinum,stictic,asexual,FALSE,USA_CA
ASUL031965_P_hypotropum_Mexico,hypotropum,Mexico,,perforatum_hypotropum,norstictic,asexual,FALSE,Mexico
ASUL031967_P_hypotropum_Mexico,hypotropum,Mexico,,perforatum_hypotropum,norstictic,asexual,FALSE,Mexico
ASUL031971_P_hypotropum_Mexico,hypotropum,Mexico,,perforatum_hypotropum,norstictic,asexual,FALSE,Mexico
ASUL031975_P_hypotropum_Mexico,hypotropum,Mexico,,perforatum_hypotropum,norstictic,asexual,FALSE,Mexico
ASUL031976_P_hypoleucinum_Mexico,hypoleucinum,Mexico,,preperforatum_hypoleucinum,stictic,asexual,FALSE,Mexico
Egan_15207_P_hypoleucinum_Mexico,hypoleucinum,Mexico,,preperforatum_hypoleucinum,stictic,asexual,FALSE,Mexico
Egan_15234_P_hypoleucinum_Mexico,hypoleucinum,Mexico,,preperforatum_hypoleucinum,stictic,asexual,FALSE,Mexico
Egan_15244_P_hypotropum_Mexico,hypotropum,Mexico,,perforatum_hypotropum,norstictic,asexual,FALSE,Mexico
Egan_15345_P_hypotropum_Mexico,hypotropum,Mexico,,perforatum_hypotropum,norstictic,asexual,FALSE,Mexico
MAF-20025_P_hypoleucinum_Spain,hypoleucinum,Spain,,preperforatum_hypoleucinum,stictic,asexual,FALSE,Spain
MAF-25a_P_hypoleucinum_Morocco,hypoleucinum,Morocco,,preperforatum_hypoleucinum,stictic,asexual,FALSE,Morocco
MAF-27h_P_hypoleucinum_Morocco,hypoleucinum,Morocco,,preperforatum_hypoleucinum,stictic,asexual,FALSE,Morocco
MAF-28h_P_hypoleucinum_Morocco,hypoleucinum,Morocco,,preperforatum_hypoleucinum,stictic,asexual,FALSE,Morocco
MAF-6117v_P_hypoleucinum_Spain,hypoleucinum,Spain,,preperforatum_hypoleucinum,stictic,asexual,FALSE,Spain
MAF-Lich11403_P_hypoleucinum_Spain,hypoleucinum,Spain,,preperforatum_hypoleucinum,stictic,asexual,FALSE,Spain
MAF-Lich13935_P_hypoleucinum_Spain,hypoleucinum,Spain,,preperforatum_hypoleucinum,stictic,asexual,FALSE,Spain
MAF-Lich16141_P_hypoleucinum_Morocco,hypoleucinum,Morocco,,preperforatum_hypoleucinum,stictic,asexual,FALSE,Morocco
MAF-Lich16142_P_hypoleucinum_Morocco,hypoleucinum,Morocco,,preperforatum_hypoleucinum,stictic,asexual,FALSE,Morocco
MAF-Lich16318_P_hypoleucinum_Spain,hypoleucinum,Spain,,preperforatum_hypoleucinum,stictic,asexual,FALSE,Spain
MAF-Lich18443_P_hypotropum_Spain,hypotropum,Spain,,perforatum_hypotropum,norstictic,asexual,FALSE,Spain
MAF-Lich18665_P_hypotropum_Spain,hypotropum,Spain,,perforatum_hypotropum,norstictic,asexual,FALSE,Spain
MAF-Lich18778_P_hypoleucinum_Spain,hypoleucinum,Spain,,preperforatum_hypoleucinum,stictic,asexual,FALSE,Spain
MAF-Lich21639_P_hypoleucinum_Portugal,hypoleucinum,Portugal,,preperforatum_hypoleucinum,stictic,asexual,FALSE,Portugal
Nelsen_7555_P_subrigidum_USA_AL,subrigidum,USA,AL,subrigidum_louisianae,alectoronic,sexual,FALSE,USA_AL
OMA_602-1_P_perforatum_USA_OK,perforatum,USA,OK,perforatum_hypotropum,norstictic,sexual,FALSE,USA_OK
OMA_602-2_P_perforatum_USA_OK,perforatum,USA,OK,perforatum_hypotropum,norstictic,sexual,FALSE,USA_OK
OMA_602-3_P_perforatum_USA_OK,perforatum,USA,OK,perforatum_hypotropum,norstictic,sexual,FALSE,USA_OK
OMA_603-1_P_hypotropum_USA_OK,hypotropum,USA,OK,perforatum_hypotropum,norstictic,asexual,FALSE,USA_OK
OMA_603-2_P_hypotropum_USA_OK,hypotropum,USA,OK,perforatum_hypotropum,norstictic,asexual,FALSE,USA_OK
OMA_604-1_P_hypoleucinum_USA_OK,hypoleucinum,USA,OK,preperforatum_hypoleucinum,stictic,asexual,FALSE,USA_OK
OMA_604-2_P_hypoleucinum_USA_OK,hypoleucinum,USA,OK,preperforatum_hypoleucinum,stictic,asexual,FALSE,USA_OK
OMA_606-3_P_perforatum_USA_TX,perforatum,USA,TX,perforatum_hypotropum,norstictic,sexual,FALSE,USA_TX
OMA_607-A-1_P_hypotropum_USA_TX,hypotropum,USA,TX,perforatum_hypotropum,norstictic,asexual,FALSE,USA_TX
OMA_607-A-2_P_hypotropum_USA_TX,hypotropum,USA,TX,perforatum_hypotropum,norstictic,asexual,FALSE,USA_TX
OMA_607-A-3_P_hypotropum_USA_TX,hypotropum,USA,TX,perforatum_hypotropum,norstictic,asexual,FALSE,USA_TX
OMA_607-A-4_P_hypotropum_USA_TX,hypotropum,USA,TX,perforatum_hypotropum,norstictic,asexual,FALSE,USA_TX
OMA_607-A-5_P_hypotropum_USA_TX,hypotropum,USA,TX,perforatum_hypotropum,norstictic,asexual,FALSE,USA_TX
OMA_607-A-6_P_hypotropum_USA_TX,hypotropum,USA,TX,perforatum_hypotropum,norstictic,asexual,FALSE,USA_TX
OMA_608-1_P_subrigidum_USA_TX,subrigidum,USA,TX,subrigidum_louisianae,alectoronic,sexual,FALSE,USA_TX
OMA_608-2_P_subrigidum_USA_TX,subrigidum,USA,TX,subrigidum_louisianae,alectoronic,sexual,FALSE,USA_TX
OMA_608-3_P_subrigidum_USA_TX,subrigidum,USA,TX,subrigidum_louisianae,alectoronic,sexual,FALSE,USA_TX
OMA_609-1_P_preperforatum_USA_TX,preperforatum,USA,TX,preperforatum_hypoleucinum,stictic,sexual,FALSE,USA_TX
OMA_609-2_P_preperforatum_USA_TX,preperforatum,USA,TX,preperforatum_hypoleucinum,stictic,sexual,FALSE,USA_TX
OMA_610-1_P_hypoleucinum_USA_TX,hypoleucinum,USA,TX,preperforatum_hypoleucinum,stictic,asexual,FALSE,USA_TX
OMA_610-2_P_hypoleucinum_USA_TX,hypoleucinum,USA,TX,preperforatum_hypoleucinum,stictic,asexual,FALSE,USA_TX
OMA_610-3_P_hypoleucinum_USA_TX,hypoleucinum,USA,TX,preperforatum_hypoleucinum,stictic,asexual,FALSE,USA_TX
OMA_611-B-1_P_perforatum_USA_TX,perforatum,USA,TX,perforatum_hypotropum,norstictic,sexual,FALSE,USA_TX
OMA_611-B-2_P_perforatum_USA_TX,perforatum,USA,TX,perforatum_hypotropum,norstictic,sexual,FALSE,USA_TX
OMA_611-B-3_P_perforatum_USA_TX,perforatum,USA,TX,perforatum_hypotropum,norstictic,sexual,FALSE,USA_TX
OMA_611-B-4_P_perforatum_USA_TX,perforatum,USA,TX,perforatum_hypotropum,norstictic,sexual,FALSE,USA_TX
OMA_612_P_hypotropum_USA_TX,hypotropum,USA,TX,perforatum_hypotropum,norstictic,asexual,FALSE,USA_TX
OMA_613-A-1_P_subrigidum_USA_TX,subrigidum,USA,TX,subrigidum_louisianae,alectoronic,sexual,FALSE,USA_TX
OMA_613-A-2_P_subrigidum_USA_TX,subrigidum,USA,TX,subrigidum_louisianae,alectoronic,sexual,FALSE,USA_TX
OMA_613-A-3_P_subrigidum_USA_TX,subrigidum,USA,TX,subrigidum_louisianae,alectoronic,sexual,FALSE,USA_TX
OMA_613-A-4_P_subrigidum_USA_TX,subrigidum,USA,TX,subrigidum_louisianae,alectoronic,sexual,FALSE,USA_TX
OMA_614-A-1_P_preperforatum_USA_TX,preperforatum,USA,TX,preperforatum_hypoleucinum,stictic,sexual,FALSE,USA_TX
OMA_614-A-2_P_preperforatum_USA_TX,preperforatum,USA,TX,preperforatum_hypoleucinum,stictic,sexual,FALSE,USA_TX
OMA_614-A-3_P_preperforatum_USA_TX,preperforatum,USA,TX,preperforatum_hypoleucinum,stictic,sexual,FALSE,USA_TX
OMA_615-A-1_P_perforatum_USA_TX,perforatum,USA,TX,perforatum_hypotropum,norstictic,sexual,FALSE,USA_TX
OMA_615-A-2_P_perforatum_USA_TX,perforatum,USA,TX,perforatum_hypotropum,norstictic,sexual,FALSE,USA_TX
OMA_615-A-3_P_perforatum_USA_TX,perforatum,USA,TX,perforatum_hypotropum,norstictic,sexual,FALSE,USA_TX
OMA_616_P_hypotropum_USA_TX,hypotropum,USA,TX,perforatum_hypotropum,norstictic,asexual,FALSE,USA_TX
OMA_617-1_P_subrigidum_USA_TX,subrigidum,USA,TX,subrigidum_louisianae,alectoronic,sexual,FALSE,USA_TX
OMA_617-2_P_subrigidum_USA_TX,subrigidum,USA,TX,subrigidum_louisianae,alectoronic,sexual,FALSE,USA_TX
OMA_618-A-2_P_preperforatum_USA_TX,preperforatum,USA,TX,preperforatum_hypoleucinum,stictic,sexual,FALSE,USA_TX
OMA_618-A-3_P_preperforatum_USA_TX,preperforatum,USA,TX,preperforatum_hypoleucinum,stictic,sexual,FALSE,USA_TX
OMA_618-A-4_P_preperforatum_USA_TX,preperforatum,USA,TX,preperforatum_hypoleucinum,stictic,sexual,FALSE,USA_TX
OMA_619_P_hypoleucinum_USA_TX,hypoleucinum,USA,TX,preperforatum_hypoleucinum,stictic,asexual,FALSE,USA_TX
OMA_653-B-1_P_perforatum_USA_LA,perforatum,USA,LA,perforatum_hypotropum,norstictic,sexual,FALSE,USA_LA
OMA_653-B-2_P_perforatum_USA_LA,perforatum,USA,LA,perforatum_hypotropum,norstictic,sexual,FALSE,USA_LA
OMA_653-B-3_P_perforatum_USA_LA,perforatum,USA,LA,perforatum_hypotropum,norstictic,sexual,FALSE,USA_LA
OMA_653-B-4_P_perforatum_USA_LA,perforatum,USA,LA,perforatum_hypotropum,norstictic,sexual,FALSE,USA_LA
OMA_653-B-5_P_perforatum_USA_LA,perforatum,USA,LA,perforatum_hypotropum,norstictic,sexual,FALSE,USA_LA
OMA_654-A-1_P_preperforatum_USA_LA,preperforatum,USA,LA,preperforatum_hypoleucinum,stictic,sexual,FALSE,USA_LA
OMA_654-AA-1_P_subrigidum_USA_LA,subrigidum,USA,LA,subrigidum_louisianae,alectoronic,sexual,FALSE,USA_LA
OMA_654-AA-2_P_subrigidum_USA_LA,subrigidum,USA,LA,subrigidum_louisianae,alectoronic,sexual,FALSE,USA_LA
OMA_654-AA-3_P_subrigidum_USA_LA,subrigidum,USA,LA,subrigidum_louisianae,alectoronic,sexual,FALSE,USA_LA
OMA_654-AA-4_P_subrigidum_USA_LA,subrigidum,USA,LA,subrigidum_louisianae,alectoronic,sexual,FALSE,USA_LA
OMA_655-1_P_perforatum_USA_LA,perforatum,USA,LA,perforatum_hypotropum,norstictic,sexual,FALSE,USA_LA
OMA_655-2_P_perforatum_USA_LA,perforatum,USA,LA,perforatum_hypotropum,norstictic,sexual,FALSE,USA_LA
OMA_656-1_P_hypotropum_USA_LA,hypotropum,USA,LA,perforatum_hypotropum,norstictic,asexual,FALSE,USA_LA
OMA_657-1_P_subrigidum_USA_LA,subrigidum,USA,LA,subrigidum_louisianae,alectoronic,sexual,FALSE,USA_LA
OMA_657-2_P_subrigidum_USA_LA,subrigidum,USA,LA,subrigidum_louisianae,alectoronic,sexual,FALSE,USA_LA
OMA_661-1_P_louisianae_USA_LA,louisianae,USA,LA,subrigidum_louisianae,alectoronic,asexual,FALSE,USA_LA
OMA_661-2_P_louisianae_USA_LA,louisianae,USA,LA,subrigidum_louisianae,alectoronic,asexual,FALSE,USA_LA
OMA_663-A-1_P_perforatum_USA_LA,perforatum,USA,LA,perforatum_hypotropum,norstictic,sexual,FALSE,USA_LA
OMA_663-A-2_P_perforatum_USA_LA,perforatum,USA,LA,perforatum_hypotropum,norstictic,sexual,FALSE,USA_LA
OMA_663-A-3_P_perforatum_USA_LA,perforatum,USA,LA,perforatum_hypotropum,norstictic,sexual,FALSE,USA_LA
OMA_663-A-4_P_perforatum_USA_LA,perforatum,USA,LA,perforatum_hypotropum,norstictic,sexual,FALSE,USA_LA
OMA_664-1_P_hypotropum_USA_LA,hypotropum,USA,LA,perforatum_hypotropum,norstictic,asexual,FALSE,USA_LA
OMA_664-2_P_hypotropum_USA_LA,hypotropum,USA,LA,perforatum_hypotropum,norstictic,asexual,FALSE,USA_LA
OMA_665-B-1_P_louisianae_USA_LA,louisianae,USA,LA,subrigidum_louisianae,alectoronic,asexual,FALSE,USA_LA
OMA_665-B-2_P_louisianae_USA_LA,louisianae,USA,LA,subrigidum_louisianae,alectoronic,asexual,FALSE,USA_LA
OMA_665-B-3_P_louisianae_USA_LA,louisianae,USA,LA,subrigidum_louisianae,alectoronic,asexual,FALSE,USA_LA
OMA_666-B-1_P_hypoleucinum_USA_LA,hypoleucinum,USA,LA,preperforatum_hypoleucinum,stictic,asexual,FALSE,USA_LA
OMA_666-B-2_P_hypoleucinum_USA_LA,hypoleucinum,USA,LA,preperforatum_hypoleucinum,stictic,asexual,FALSE,USA_LA
OMA_666-B-3_P_hypoleucinum_USA_LA,hypoleucinum,USA,LA,preperforatum_hypoleucinum,stictic,asexual,FALSE,USA_LA
OMA_666-B-4_P_hypoleucinum_USA_LA,hypoleucinum,USA,LA,preperforatum_hypoleucinum,stictic,asexual,FALSE,USA_LA
SBBG005383L_P_hypoleucinum_USA_CA,hypoleucinum,USA,CA,preperforatum_hypoleucinum,stictic,asexual,FALSE,USA_CA
SBBG005385L_P_hypoleucinum_USA_CA,hypoleucinum,USA,CA,preperforatum_hypoleucinum,stictic,asexual,FALSE,USA_CA
SBBG005386L_P_hypoleucinum_USA_CA,hypoleucinum,USA,CA,preperforatum_hypoleucinum,stictic,asexual,FALSE,USA_CA
SBBG005390L_P_hypoleucinum_USA_CA,hypoleucinum,USA,CA,preperforatum_hypoleucinum,stictic,asexual,FALSE,USA_CA
SBBG005391L_P_hypoleucinum_USA_CA,hypoleucinum,USA,CA,preperforatum_hypoleucinum,stictic,asexual,FALSE,USA_CA
SBBG005394L_P_hypoleucinum_USA_CA,hypoleucinum,USA,CA,preperforatum_hypoleucinum,stictic,asexual,FALSE,USA_CA
SBBG005395L_P_hypoleucinum_USA_CA,hypoleucinum,USA,CA,preperforatum_hypoleucinum,stictic,asexual,FALSE,USA_CA
SBBG005396L_P_hypoleucinum_USA_CA,hypoleucinum,USA,CA,preperforatum_hypoleucinum,stictic,asexual,FALSE,USA_CA
SBBG005399L_P_hypoleucinum_USA_CA,hypoleucinum,USA,CA,preperforatum_hypoleucinum,stictic,asexual,FALSE,USA_CA
SBBG005400L_P_hypoleucinum_USA_CA,hypoleucinum,USA,CA,preperforatum_hypoleucinum,stictic,asexual,FALSE,USA_CA
SBBG005402L_P_hypoleucinum_USA_CA,hypoleucinum,USA,CA,preperforatum_hypoleucinum,stictic,asexual,FALSE,USA_CA
SBBG005412L_P_hypoleucinum_USA_CA,hypoleucinum,USA,CA,preperforatum_hypoleucinum,stictic,asexual,FALSE,USA_CA
SBBG005416L_P_hypoleucinum_USA_CA,hypoleucinum,USA,CA,preperforatum_hypoleucinum,stictic,asexual,FALSE,USA_CA
TW4688_P_cristiferum_Madagascar,cristiferum,Madagascar,,outgroup,,,TRUE,Madagascar
TW5082_P_hypotropum_USA_IL,hypotropum,USA,IL,perforatum_hypotropum,norstictic,asexual,FALSE,USA_IL
TW5139_P_hypotropum_USA_IL,hypotropum,USA,IL,perforatum_hypotropum,norstictic,asexual,FALSE,USA_IL
TW5192A_P_hypotropum_USA_IL,hypotropum,USA,IL,perforatum_hypotropum,norstictic,asexual,FALSE,USA_IL
TW5198_P_reticulatum_USA_IL,reticulatum,USA,IL,outgroup,,,TRUE,USA_IL
TW5199B_P_hypotropum_USA_IL,hypotropum,USA,IL,perforatum_hypotropum,norstictic,asexual,FALSE,USA_IL
TW5203_P_hypotropum_USA_IL,hypotropum,USA,IL,perforatum_hypotropum,norstictic,asexual,FALSE,USA_IL
TW5235_P_hypotropum_USA_VA,hypotropum,USA,VA,perforatum_hypotropum,norstictic,asexual,FALSE,USA_VA
TW5241_P_hypotropum_USA_VA,hypotropum,USA,VA,perforatum_hypotropum,norstictic,asexual,FALSE,USA_VA
Tucker_34415_P_hypoleucinum_USA_CA,hypoleucinum,USA,CA,preperforatum_hypoleucinum,stictic,asexual,FALSE,USA_CA